week,weeknum,pref,newcase_day,newdeath_day,GZnew,cumGZ,newcaseday14,resview,in_city,in_pref,out_pref
2020年1月第3週,3,Gunma,0,0,0,0,0,3.24702333,-1.90661631,-1.094252431,12.373607638
2020年1月第3週,3,Ibaraki,0,0,0,0,0,NA,-2.033044431,0.063597851,11.818820867
2020年1月第3週,3,Nagano,0,0,0,0,0,-2.137822013,-2.707943741,-1.424666483,4.215343109
2020年1月第3週,3,Shizuoka,0,0,0,0,0,-3.819798083,-2.233952493,1.522140106,12.775233795
2020年1月第3週,3,Tochigi,0,0,0,0,0,-7.064713977,-1.105543919,-2.31393814,8.210048584
2020年1月第3週,3,Yamanashi,0,0,0,0,0,-6.764005522,-2.422890782,-2.457260001,7.603616863
2020年1月第4週,4,Gunma,0,0,0,0,0,5.975943258,-2.517189848,1.324276391,12.938769123
2020年1月第4週,4,Ibaraki,0,0,0,0,0,NA,-2.194517861,0.415116751,9.885945244
2020年1月第4週,4,Nagano,0,0,0,0,0,5.504448502,-3.055282064,0.72012406,3.069890287
2020年1月第4週,4,Shizuoka,0,0,0,0,0,2.639338169,-1.719628141,0.196065183,10.986246133
2020年1月第4週,4,Tochigi,0,0,0,0,0,-1.229192488,-1.359978496,-0.104626627,7.203837031
2020年1月第4週,4,Yamanashi,0,0,0,0,0,-0.678182298,-3.627933802,-0.766221475,6.312064131
2020年1月第5週,5,Gunma,0,0,0,0,0,-0.304457168,-1.864979489,0.792914312,13.054321132
2020年1月第5週,5,Ibaraki,0,0,0,0,0,NA,-1.532332185,0.566505166,9.498613906
2020年1月第5週,5,Nagano,0,0,0,0,0,-0.136266513,-2.41147868,-1.283563927,4.0511705
2020年1月第5週,5,Shizuoka,0,0,0,0,0,-0.348095979,-1.561925242,1.586095287,12.772915052
2020年1月第5週,5,Tochigi,0,0,0,0,0,-5.22926598,-1.221453634,-1.273781422,6.132263398
2020年1月第5週,5,Yamanashi,0,0,0,0,0,-5.805434574,-1.802709241,-3.130702504,7.309811561
2020年2月第1週,6,Gunma,0,0,0,0,0,-3.823966337,0.618423366,-1.171588019,-8.659837196
2020年2月第1週,6,Ibaraki,0,0,0,0,0,NA,-0.260246966,2.309492826,-3.093950834
2020年2月第1週,6,Nagano,0,0,0,0,0,-9.119350405,1.404795066,-2.516698099,-14.793108783
2020年2月第1週,6,Shizuoka,0,0,0,0,0,-4.231370774,0.586686129,1.315456939,-12.477386239
2020年2月第1週,6,Tochigi,0,0,0,0,0,-2.769067925,0.81888779,0.073789837,-8.161335619
2020年2月第1週,6,Yamanashi,0,0,0,0,0,-10.026661504,0.931750448,-2.103237637,-6.363874632
2020年2月第2週,7,Gunma,0,0,0,0,0,9.101489814,1.077369572,-0.269290055,-7.876314141
2020年2月第2週,7,Ibaraki,0,0,0,0,0,NA,0.346036865,-0.680514782,-9.781212844
2020年2月第2週,7,Nagano,0,0,0,0,0,3.564069554,1.736820471,-4.193513805,-10.880022521
2020年2月第2週,7,Shizuoka,0,0,0,0,0,5.332259787,1.339534056,-2.024183424,-5.950712906
2020年2月第2週,7,Tochigi,0,0,0,0,0,3.19429184,1.840962964,-3.37396244,-8.867775867
2020年2月第2週,7,Yamanashi,0,0,0,0,0,4.696892037,0.528107033,-1.331027586,-8.25039658
2020年2月第3週,8,Gunma,0,0,0,0,0,5.77219484,1.036128169,-1.7539475,2.68927099
2020年2月第3週,8,Ibaraki,0,0,0,0,0,NA,0.687470107,-1.696672177,-5.034142746
2020年2月第3週,8,Nagano,0,0,0,0,0,-0.019396793,1.310081744,-2.599509672,11.285018564
2020年2月第3週,8,Shizuoka,0,0,0,0,0,-0.516870306,0.328520316,0.689101781,5.102008693
2020年2月第3週,8,Tochigi,1,0,0,0,1,-4.873975068,1.831568039,-3.944337103,-0.569780475
2020年2月第3週,8,Yamanashi,0,0,0,0,0,6.983863844,1.378723311,-3.178600985,16.012208646
2020年2月第4週,9,Gunma,0,0,0,0,0,-4.975000252,3.197936859,-9.628916456,-4.461833362
2020年2月第4週,9,Ibaraki,0,0,0,0,0,NA,3.527168298,-8.298390447,-11.941147081
2020年2月第4週,9,Nagano,2,0,0,0,2,-13.18145172,3.260774924,-10.669610796,-6.223707747
2020年2月第4週,9,Shizuoka,1,0,0,0,1,-14.309897591,2.692567595,-6.943666647,-11.740805258
2020年2月第4週,9,Tochigi,0,0,0,0,0,-19.638723169,3.682947504,-11.678480718,-9.59913147
2020年2月第4週,9,Yamanashi,0,0,0,0,0,-7.433359436,3.546485796,-9.724171287,-3.632889072
2020年3月第1週,10,Gunma,1,0,0,0,1,-14.032365705,3.093124421,-6.08083853,-10.297432241
2020年3月第1週,10,Ibaraki,0,0,0,0,0,NA,3.533758284,-5.086876765,-14.423630884
2020年3月第1週,10,Nagano,1,0,0,0,1,-20.69764469,3.211845978,-6.600707714,-20.851468078
2020年3月第1週,10,Shizuoka,0,0,0,0,0,-20.202320147,3.559198732,-6.516634635,-21.545681183
2020年3月第1週,10,Tochigi,1,0,0,0,1,-20.959512319,3.653169494,-7.983554223,-17.992833289
2020年3月第1週,10,Yamanashi,2,0,0,0,2,-18.755143092,3.894696641,-7.3187638,-21.148887291
2020年3月第2週,11,Gunma,4,0,0,0,5,-11.154707983,4.029185656,-7.720844054,-14.230508144
2020年3月第2週,11,Ibaraki,0,0,0,0,0,NA,3.942082176,-5.675694043,-15.671266485
2020年3月第2週,11,Nagano,1,0,0,0,1,-15.760494748,3.675255624,-4.762616682,-22.621520961
2020年3月第2週,11,Shizuoka,2,0,0,0,2,-12.810196284,4.023875794,-7.426317453,-23.911544843
2020年3月第2週,11,Tochigi,0,0,0,0,0,-12.383466178,4.160750536,-8.350844014,-16.831616085
2020年3月第2週,11,Yamanashi,0,0,0,0,0,-21.184163823,5.225883907,-8.924800702,-19.662793939
2020年3月第3週,12,Gunma,6,1,0,0,5,-10.310476406,3.427004143,-6.861378013,-7.884035265
2020年3月第3週,12,Ibaraki,4,0,0,0,5,NA,3.554610897,-5.104236099,-7.507398004
2020年3月第3週,12,Nagano,0,0,0,0,0,-13.840748185,3.928307772,-5.57835706,-5.597346501
2020年3月第3週,12,Shizuoka,0,0,0,0,0,-5.77022105,3.589122887,-4.582393534,-7.862027385
2020年3月第3週,12,Tochigi,2,0,0,0,2,-9.949683759,3.55445005,-7.029906789,-7.989790392
2020年3月第3週,12,Yamanashi,0,0,0,0,0,-5.008611094,3.502589899,-5.949927243,-2.296158036
2020年3月第4週,13,Gunma,7,0,0,0,7,-25.591598408,5.098988792,-8.48702043,-21.748077012
2020年3月第4週,13,Ibaraki,12,0,0,0,15,NA,5.243226561,-6.8300218599999996,-23.235450246
2020年3月第4週,13,Nagano,4,0,0,0,4,-26.646892233,4.822001235,-8.846205231,-28.085301616
2020年3月第4週,13,Shizuoka,1,0,0,0,5,-24.541077,4.616536556,-6.342159445,-29.78669295
2020年3月第4週,13,Tochigi,8,0,0,0,8,-28.373487537,5.104447116,-8.4056779,-23.065871279
2020年3月第4週,13,Yamanashi,2,0,0,0,3,-30.556088102,5.639782692,-9.445623204,-33.168818199
2020年4月第1週,14,Gunma,8,0,0,0,8,-42.117304121,4.58486905,-8.881063043,-20.550720883
2020年4月第1週,14,Ibaraki,48,2,0,0,51,NA,5.009306683,-9.017434309,-18.557101649
2020年4月第1週,14,Nagano,4,0,0,0,6,-47.310457048,3.22586882,-8.067220411,-27.577856627
2020年4月第1週,14,Shizuoka,12,0,0,0,10,-48.804023544,3.943176975,-7.938008262,-29.43814881
2020年4月第1週,14,Tochigi,5,0,0,0,5,-46.487184788,4.584026411,-8.714952837,-20.128922208
2020年4月第1週,14,Yamanashi,10,0,0,0,14,-55.898318043,4.624065923,-9.673836492,-34.786024526
2020年4月第2週,15,Gunma,64,1,0,0,64,-51.334424251,7.632840934,-15.237954564,-37.611880327
2020年4月第2週,15,Ibaraki,45,3,0,0,39,NA,9.096307149,-16.894966686,-37.228031507
2020年4月第2週,15,Nagano,17,0,0,0,22,-62.076990444,7.831288944,-18.140365162,-55.732232442
2020年4月第2週,15,Shizuoka,24,0,0,0,27,-60.500410488,8.861907861,-18.382041666,-51.936853437
2020年4月第2週,15,Tochigi,18,0,0,0,19,-56.065627399,7.941849019,-15.92353643,-40.344662727
2020年4月第2週,15,Yamanashi,21,0,0,0,17,-64.865534955,8.746732103,-17.89514947,-54.723492039
2020年4月第3週,16,Gunma,32,4,0,0,34,-51.671223912,9.527919257,-20.365418755,-36.336088247
2020年4月第3週,16,Ibaraki,30,0,0,0,33,NA,10.78333322,-19.90655876,-38.351678371
2020年4月第3週,16,Nagano,23,0,0,0,16,-63.544607369,8.467332295,-20.803302294,-60.781381758
2020年4月第3週,16,Shizuoka,11,0,0,0,6,-60.559319678,9.670033448,-20.313421125,-51.794800167
2020年4月第3週,16,Tochigi,11,0,0,0,13,-55.801757461,8.725775534,-19.09056153,-41.579084048
2020年4月第3週,16,Yamanashi,14,0,0,0,13,-61.920026038,9.583856815,-19.147072276,-56.37251549
2020年4月第4週,17,Gunma,19,8,0,0,22,-57.138147517,11.386308892,-23.300201409,-49.820541438
2020年4月第4週,17,Ibaraki,22,1,0,0,18,NA,13.347761322,-25.057828701,-48.04605129
2020年4月第4週,17,Nagano,14,0,0,0,14,-71.853063039,10.805666539,-24.493116332,-72.863765016
2020年4月第4週,17,Shizuoka,11,0,0,0,12,-68.699868284,12.502612716,-25.919151747,-64.307413842
2020年4月第4週,17,Tochigi,8,0,0,0,5,-65.854847593,11.170254373,-23.391950928,-53.91837948
2020年4月第4週,17,Yamanashi,3,0,0,0,3,-75.463393364,11.879466247,-23.390384452,-68.033248312
2020年4月第5週,18,Gunma,5,2,0,0,0,-68.972456938,16.00837289,-10.44253387,-80.613290939
2020年4月第5週,18,Ibaraki,4,2,0,0,6,NA,17.380768671,-19.953961929,-74.751535282
2020年4月第5週,18,Nagano,4,0,0,0,6,-81.927852605,17.275179194,-25.075448049,-93.329563134
2020年4月第5週,18,Shizuoka,10,1,0,0,9,-79.975602105,18.368128072,-21.194412559,-89.189899689
2020年4月第5週,18,Tochigi,0,0,0,0,0,-76.752142074,17.388045484,-16.935617884,-82.593412852
2020年4月第5週,18,Yamanashi,4,0,0,0,4,-85.300651297,17.396114266,-14.959982854,-91.273761942
2020年5月第1週,19,Gunma,1,2,0,0,1,-38.010588816,17.189948697,-46.83174017,-72.925975592
2020年5月第1週,19,Ibaraki,3,1,0,0,1,NA,19.008519318,-48.594220562,-71.330216568
2020年5月第1週,19,Nagano,5,0,0,0,3,-55.939701053,17.716215204,-49.859124086,-89.007690772
2020年5月第1週,19,Shizuoka,0,0,0,0,0,-51.681470428,19.32709356,-52.47101691,-85.607450736
2020年5月第1週,19,Tochigi,2,0,0,0,2,-46.429485823,17.354825076,-50.348976542,-74.886019039
2020年5月第1週,19,Yamanashi,0,0,0,0,0,-61.918842449,21.199059206,-46.707597194,-83.640858863
2020年5月第2週,20,Gunma,0,0,0,0,0,-46.841973053,10.424106304,-18.664702037,-51.158910094
2020年5月第2週,20,Ibaraki,0,0,0,0,0,NA,12.139800541,-21.109115823,-44.947351228
2020年5月第2週,20,Nagano,1,0,0,0,1,-59.430113144,11.572330986,-20.294099045,-67.322193912
2020年5月第2週,20,Shizuoka,0,0,0,0,0,-57.158920998,11.855259082,-21.921394856,-64.524155147
2020年5月第2週,20,Tochigi,4,0,0,0,5,-51.308010928,10.947459778,-21.220871658,-50.947770031
2020年5月第2週,20,Yamanashi,1,0,0,0,2,-66.157092603,13.518396506,-17.862060397,-65.21992027
2020年5月第3週,21,Gunma,2,1,0,0,2,-27.554114968,9.939971005,-14.48335307,-48.511636506
2020年5月第3週,21,Ibaraki,0,0,0,0,0,NA,10.963455385,-15.798723413,-43.541368515
2020年5月第3週,21,Nagano,0,0,0,0,0,-52.137173621,11.117630111,-16.889660441,-70.73434457
2020年5月第3週,21,Shizuoka,2,0,0,0,2,-47.672054756,10.415021375,-16.576684825,-63.21048257
2020年5月第3週,21,Tochigi,4,0,0,0,4,-42.363879479,10.383938685,-16.607772664,-50.801771819
2020年5月第3週,21,Yamanashi,3,0,0,0,2,-58.548025202,12.561120897,-13.971922237,-64.345867322
2020年5月第4週,22,Gunma,0,0,0,0,0,-31.196058209,8.597039778,-12.466270554,-43.824327818
2020年5月第4週,22,Ibaraki,0,1,0,0,0,NA,9.410330952,-12.779223354,-39.854590279
2020年5月第4週,22,Nagano,0,0,0,0,0,-45.468652978,9.392182412,-14.850552791,-67.683295197
2020年5月第4週,22,Shizuoka,1,0,0,0,1,-41.118349422,8.927241582,-14.696650121,-59.816761227
2020年5月第4週,22,Tochigi,1,0,0,0,0,-36.321306948,9.018263472,-15.565595662,-47.939372771
2020年5月第4週,22,Yamanashi,4,1,0,0,4,-52.301211352,10.545762763,-10.969834324,-58.985838271
2020年6月第1週,23,Gunma,2,0,0,0,2,-29.135090964,12.162349358,-23.880734408,-58.312913998
2020年6月第1週,23,Ibaraki,0,0,0,0,0,NA,13.657943667,-24.892464425,-56.804839212
2020年6月第1週,23,Nagano,0,0,0,0,0,-38.977741876,12.649681754,-26.675780856,-82.864519731
2020年6月第1週,23,Shizuoka,0,0,0,0,0,-32.225219361,12.475702526,-24.978767456,-77.08257531
2020年6月第1週,23,Tochigi,1,0,0,0,1,-32.049953246,12.364978513,-27.048279196,-63.626954696
2020年6月第1週,23,Yamanashi,3,0,0,0,3,-47.224102406,15.598531687,-26.29562908,-78.496162969
2020年6月第2週,24,Gunma,0,0,0,0,0,-23.914655412,11.45731337,-21.190546481,-54.254511648
2020年6月第2週,24,Ibaraki,0,0,0,0,0,NA,12.637014925,-22.042685171,-53.286370646
2020年6月第2週,24,Nagano,0,0,0,0,0,-29.165500063,11.898326073,-24.413792782,-78.193231441
2020年6月第2週,24,Shizuoka,2,0,0,0,2,-26.416474554,12.207147025,-23.960285806,-73.759089999
2020年6月第2週,24,Tochigi,0,0,0,0,0,-25.673836963,12.032928598,-25.243719573,-58.463273157
2020年6月第2週,24,Yamanashi,4,0,0,0,4,-39.612825631,15.15431448,-25.386401737,-71.550952076
2020年6月第3週,25,Gunma,0,0,0,0,0,-18.605838366,5.696906954,-5.202984928,-27.710902497
2020年6月第3週,25,Ibaraki,2,0,0,0,2,NA,6.906716157,-8.919181324,-30.706471594
2020年6月第3週,25,Nagano,1,0,0,0,1,-17.622708894,6.977099474,-10.330802521,-45.510493352
2020年6月第3週,25,Shizuoka,3,0,0,0,3,-13.856658805,7.23446659,-10.242128464,-45.938572368
2020年6月第3週,25,Tochigi,0,0,0,0,0,-17.1703232,7.082955606,-11.664916657,-31.967960455
2020年6月第3週,25,Yamanashi,1,0,0,0,1,-22.876750232,7.502494057,-8.681050461,-36.453378357
2020年6月第4週,26,Gunma,1,0,0,0,1,-17.589807481,5.551646488,-5.941902822,-23.857532652
2020年6月第4週,26,Ibaraki,3,0,0,0,4,NA,6.225044836,-8.557529093,-27.483235544
2020年6月第4週,26,Nagano,0,0,0,0,0,-16.538001247,6.023998994,-9.64229928,-38.896996783
2020年6月第4週,26,Shizuoka,0,0,0,0,1,-11.202007774,6.20352004,-9.022762457,-36.221523228
2020年6月第4週,26,Tochigi,8,0,0,0,10,-17.707089707,6.240172318,-9.607364633,-25.42969071
2020年6月第4週,26,Yamanashi,2,0,0,0,2,-17.985407861,7.572418153,-9.606913074,-25.692181217
2020年7月第1週,27,Gunma,3,0,0,0,3,-16.626018832,2.902554271,-1.946009313,-21.903034921
2020年7月第1週,27,Ibaraki,10,0,0,0,12,NA,3.878846952,-6.115536579,-14.204762848
2020年7月第1週,27,Nagano,0,0,0,0,0,-23.938660002,3.788830935,-6.530960213,-35.673691791
2020年7月第1週,27,Shizuoka,6,0,0,0,5,-16.217987122,4.211058063,-7.896003424,-33.721962821
2020年7月第1週,27,Tochigi,13,0,0,0,11,-20.700277526,4.452956432,-8.527538299,-21.702890739
2020年7月第1週,27,Yamanashi,1,0,0,0,1,-23.148581166,4.400515749,-9.239524838,-36.509153208
2020年7月第2週,28,Gunma,0,0,0,0,2,-17.391704511,4.954290476,-4.526948705,-34.166560692
2020年7月第2週,28,Ibaraki,16,0,0,0,16,NA,6.30784154,-8.535327301,-29.553087811
2020年7月第2週,28,Nagano,1,0,0,0,2,-27.282566457,6.455024695,-13.529691827,-61.225642206
2020年7月第2週,28,Shizuoka,8,0,0,0,8,-24.713493052,6.20011102,-10.054103436,-50.311721845
2020年7月第2週,28,Tochigi,8,0,0,0,11,-23.92502053,6.419456755,-11.851832221,-38.184492879
2020年7月第2週,28,Yamanashi,1,0,0,0,1,-33.848525847,7.302675934,-10.989223807,-51.684596541
2020年7月第3週,29,Gunma,12,0,0,0,10,-8.494700572,3.218375974,2.037667803,-25.770675999
2020年7月第3週,29,Ibaraki,26,0,0,0,24,NA,4.169009146,-3.857405273,-24.622108332
2020年7月第3週,29,Nagano,6,0,0,0,7,-20.40306843,3.937112965,-3.87715046,-51.602806142
2020年7月第3週,29,Shizuoka,14,0,0,0,15,-14.727113046,3.732610336,-1.81860385,-41.692553331
2020年7月第3週,29,Tochigi,38,0,0,0,38,-17.226416464,4.398756201,-5.672079985,-28.022456732
2020年7月第3週,29,Yamanashi,2,0,5,5,3,-7.851154688,4.707412336,-2.961442075,-46.524023212
2020年7月第4週,30,Gunma,12,0,0,5,12,6.318277237,4.414854278,-9.055078857,-14.912574265
2020年7月第4週,30,Ibaraki,17,0,0,5,18,NA,5.932285992,-13.21253403,-7.332802287
2020年7月第4週,30,Nagano,8,0,0,5,6,-5.205683316,4.241899967,-12.363106123,-12.038450248
2020年7月第4週,30,Shizuoka,78,0,0,5,91,-2.856563346,5.072752955,-11.312460732,-18.597513843
2020年7月第4週,30,Tochigi,30,0,0,5,31,-0.566943902,5.450831183,-16.492388136,-11.988429072
2020年7月第4週,30,Yamanashi,8,0,0,5,9,-3.176500474,7.165073951,-16.455129581,-11.548749516
2020年7月第5週,31,Gunma,13,0,0,5,15,-15.187858287,3.730554412,1.698300808,-32.191047822
2020年7月第5週,31,Ibaraki,80,0,0,5,83,NA,4.900651424,-4.155207125,-24.152377956
2020年7月第5週,31,Nagano,25,0,0,5,27,-33.303080973,4.320158621,-4.97272329,-52.770891229
2020年7月第5週,31,Shizuoka,121,0,0,5,109,-33.047424169,5.040958819,-6.274441814,-49.580277484
2020年7月第5週,31,Tochigi,36,0,0,5,35,-26.733412644,4.68936697,-5.413205805,-33.23962311
2020年7月第5週,31,Yamanashi,17,0,21,26,19,-36.372401448,5.628480345,-5.994129928,-52.307178997
2020年8月第1週,32,Gunma,34,0,0,26,40,-16.564180796,4.754430863,0.787348596,-29.42287844
2020年8月第1週,32,Ibaraki,75,0,0,26,76,NA,5.687149042,-4.388931644,-32.794490541
2020年8月第1週,32,Nagano,14,0,0,26,13,-31.180464923,5.937637452,-5.150900377,-50.564690032
2020年8月第1週,32,Shizuoka,57,0,0,26,61,-27.443547627,6.574880931,-6.053397281,-47.823654603
2020年8月第1週,32,Tochigi,47,0,0,26,47,-16.030047022,5.372983665,-4.108774276,-35.272603058
2020年8月第1週,32,Yamanashi,27,0,35,61,25,-22.559349273,6.003931799,-3.984337048,-41.578277571
2020年8月第2週,33,Gunma,72,0,0,61,73,-39.872590744,7.448239265,-0.538924094,-37.655834943
2020年8月第2週,33,Ibaraki,55,0,0,61,53,NA,8.141017138,-7.110841069,-41.737267566
2020年8月第2週,33,Nagano,17,0,0,61,17,-45.105106296,7.153520593,-6.024923304,-51.971270342
2020年8月第2週,33,Shizuoka,53,0,0,61,48,-42.252078357,8.388119094,-3.447950344,-47.797772532
2020年8月第2週,33,Tochigi,30,1,0,61,28,-40.051600111,8.883284582,-6.857068605,-40.789172979
2020年8月第2週,33,Yamanashi,10,0,22,83,10,-37.986699093,6.848601351,-4.328390526,-38.565830278
2020年8月第3週,34,Gunma,82,0,0,83,77,-20.18090923,4.352470277,-4.369494379,-26.335905785
2020年8月第3週,34,Ibaraki,51,1,0,83,51,NA,5.530801501,-5.971883817,-23.634141275
2020年8月第3週,34,Nagano,24,0,0,83,34,-26.9451984,4.26310655,-8.21197287,-45.412673304
2020年8月第3週,34,Shizuoka,24,0,0,83,28,-23.210408845,5.685251477,-7.457676415,-42.332827544
2020年8月第3週,34,Tochigi,13,0,0,83,12,-18.667717161,5.331268463,-10.134202405,-27.864873584
2020年8月第3週,34,Yamanashi,27,0,28,111,26,-21.338648401,5.212771199,-7.972464608,-32.926172421
2020年8月第4週,35,Gunma,57,0,0,111,56,-9.799688769,3.460456283,-2.900973016,-19.895994805
2020年8月第4週,35,Ibaraki,41,2,0,111,38,NA,4.715425646,-3.996400284,-18.584776348
2020年8月第4週,35,Nagano,77,0,0,111,73,-25.202397381,4.286396694,-8.267498189,-35.47435297
2020年8月第4週,35,Shizuoka,39,0,0,111,34,-18.865488076,4.093544971,-6.175196049,-37.261867463
2020年8月第4週,35,Tochigi,14,0,0,111,14,-13.185701817,4.143055139,-7.768515877,-24.87033106
2020年8月第4週,35,Yamanashi,6,2,15,126,5,-17.232230438,3.882468526,-7.239660379,-38.869355493
2020年9月第1週,36,Gunma,45,0,0,126,51,-17.65023405,4.047430903,-3.742267145,-23.321947807
2020年9月第1週,36,Ibaraki,39,1,0,126,38,NA,4.7489845,-5.357508323,-21.987652939
2020年9月第1週,36,Nagano,38,1,0,126,34,-26.374769101,4.838489494,-6.781181878,-42.275597054
2020年9月第1週,36,Shizuoka,14,0,0,126,14,-16.289779634,4.580927484,-6.465679164,-34.041152221
2020年9月第1週,36,Tochigi,7,0,0,126,11,-15.04698821,4.462922226,-8.412196713,-26.435135942
2020年9月第1週,36,Yamanashi,3,2,46,172,4,-17.847761288,4.360944175,-4.187250781,-36.463860069
2020年9月第2週,37,Gunma,65,0,0,172,62,-12.267085384,5.193073269,-3.398759667,-32.600775222
2020年9月第2週,37,Ibaraki,29,1,0,172,31,NA,4.981859717,-4.316123189,-26.219030279
2020年9月第2週,37,Nagano,9,0,0,172,6,-19.79896114,6.940653549,-7.716778792,-49.118051401
2020年9月第2週,37,Shizuoka,10,1,0,172,10,-10.622423218,6.141440089,-7.924434096,-41.800307896
2020年9月第2週,37,Tochigi,28,0,0,172,45,-15.18405311,5.336466405,-6.673646702,-32.971113513
2020年9月第2週,37,Yamanashi,3,0,54,226,2,-12.88922954,6.260136878,-4.863405498,-41.039263272
2020年9月第3週,38,Gunma,116,0,0,226,117,-14.229372952,3.060424746,1.625096582,-15.166826357
2020年9月第3週,38,Ibaraki,12,1,0,226,13,NA,2.588109362,0.86415814,-13.553040116
2020年9月第3週,38,Nagano,5,0,0,226,7,0.647778652,4.644945369,-0.206317826,-10.022329615
2020年9月第3週,38,Shizuoka,18,0,0,226,18,3.682883352,4.24221501,-2.819633414,-23.014148961
2020年9月第3週,38,Tochigi,49,0,0,226,40,-4.518930764,3.025887994,-0.08524321,-17.502102153
2020年9月第3週,38,Yamanashi,1,1,53,279,1,15.331461432,3.395762079,1.711956941,-12.852003344
2020年9月第4週,39,Gunma,36,0,0,279,29,-7.049279361,4.41591041,-7.128236493,-3.386094124
2020年9月第4週,39,Ibaraki,14,1,0,279,22,NA,4.857270872,-11.028150117,-11.325620583
2020年9月第4週,39,Nagano,4,0,0,279,2,6.518844944,4.814580884,-8.452608319,17.412657405
2020年9月第4週,39,Shizuoka,10,0,0,279,10,6.060776396,4.769899386,-9.115766989,-7.236581812
2020年9月第4週,39,Tochigi,39,0,0,279,27,-1.551292302,3.981508303,-9.433656468,-5.565057705
2020年9月第4週,39,Yamanashi,2,0,58,337,3,25.288080485,4.713547732,-9.188205406,16.604016371
2020年10月第1週,40,Gunma,29,0,0,337,29,-17.215681386,2.499408916,-0.355963162,-7.562359446
2020年10月第1週,40,Ibaraki,38,0,0,337,28,NA,2.536393445,-1.739553082,-19.959218391
2020年10月第1週,40,Nagano,8,0,0,337,8,-10.532286213,3.2729198,-3.544744826,-9.89142258
2020年10月第1週,40,Shizuoka,26,0,0,337,26,-3.928215744,3.145120913,-6.011244527,-22.64485155
2020年10月第1週,40,Tochigi,10,0,0,337,11,-13.488279224,2.696504329,-5.076818058,-10.838092156
2020年10月第1週,40,Yamanashi,12,0,100,437,12,1.322564744,2.248008721,-2.23805764,-10.083248116
2020年10月第2週,41,Gunma,31,0,0,437,33,12.950675255,1.233645349,2.821222349,-4.907878851
2020年10月第2週,41,Ibaraki,33,0,0,437,33,NA,1.391757826,2.597176429,-13.290045579
2020年10月第2週,41,Nagano,7,0,0,437,7,23.816643704,2.505732768,0.503177752,-5.958725051
2020年10月第2週,41,Shizuoka,8,0,0,437,9,28.640662932,1.970080097,-0.996168556,-19.646691964
2020年10月第2週,41,Tochigi,8,0,0,437,7,22.965849055,1.916975205,0.723842959,-7.261670665
2020年10月第2週,41,Yamanashi,3,0,112,549,2,40.546006067,2.364894903,0.249472761,1.550742013
2020年10月第3週,42,Gunma,15,0,0,549,24,1.104964446,2.08429455,3.470224907,-7.796261661
2020年10月第3週,42,Ibaraki,19,1,0,549,18,NA,2.358515192,0.532038624,-12.606863037
2020年10月第3週,42,Nagano,6,3,0,549,6,27.043286307,3.083899126,-1.965650365,-10.412893024
2020年10月第3週,42,Shizuoka,12,0,0,549,13,3.250927193,3.286111453,-2.469192366,-29.398866489
2020年10月第3週,42,Tochigi,21,0,0,549,22,5.241495777,2.522103743,-2.105555113,-20.133415566
2020年10月第3週,42,Yamanashi,2,0,116,665,2,25.748834456,2.628937064,0.796139886,19.248658888
2020年10月第4週,43,Gunma,93,0,0,665,85,-5.142365125,1.913938996,6.582333358,-6.231817422
2020年10月第4週,43,Ibaraki,13,0,0,665,15,NA,1.496242165,3.908914019,-10.8325108
2020年10月第4週,43,Nagano,8,0,0,665,8,11.17281057,2.939104419,1.568257969,-10.447621579
2020年10月第4週,43,Shizuoka,14,0,0,665,16,-1.179363097,2.762211028,0.35302362,-21.304282444
2020年10月第4週,43,Tochigi,12,0,0,665,11,-3.287520279,1.598779329,3.114892324,-6.036720827
2020年10月第4週,43,Yamanashi,4,0,143,808,7,17.93804563,2.871861697,4.267000112,6.323348383
2020年10月第5週,44,Gunma,34,0,0,808,32,-6.936036163,3.206005395,-1.117843037,-14.139155881
2020年10月第5週,44,Ibaraki,29,0,0,808,30,NA,3.264965939,-3.044159379,-14.954597278
2020年10月第5週,44,Nagano,9,2,0,808,10,3.677401997,3.761267153,-2.554733517,-20.394804749
2020年10月第5週,44,Shizuoka,68,0,0,808,65,-3.307058917,3.553326616,-5.142348929,-24.235954419
2020年10月第5週,44,Tochigi,12,0,0,808,13,-11.943200148,3.140214045,-5.648757463,-20.87777366
2020年10月第5週,44,Yamanashi,13,0,104,912,12,6.105343834,3.568706027,-2.393551786,-11.046896002
2020年11月第1週,45,Gunma,24,1,0,912,25,-6.020579674,2.695370845,-0.69536928,-11.219655611
2020年11月第1週,45,Ibaraki,48,0,0,912,52,NA,3.095264253,-2.311426279,-12.564808736
2020年11月第1週,45,Nagano,27,0,0,912,40,14.16473108,3.625450202,-5.491369531,-15.031021691
2020年11月第1週,45,Shizuoka,90,0,0,912,95,5.237437945,2.940751238,-4.245442576,-22.950459775
2020年11月第1週,45,Tochigi,9,0,0,912,9,-3.109395481,2.931598384,-6.127219394,-13.052400806
2020年11月第1週,45,Yamanashi,25,0,150,1062,25,15.863051434,2.578962594,-2.510846507,-9.868323232
2020年11月第2週,46,Gunma,31,0,0,1062,34,-12.28551794,2.249438531,0.269634333,-6.920653108
2020年11月第2週,46,Ibaraki,149,0,0,1062,152,NA,3.197229284,-1.680629522,-6.904997719
2020年11月第2週,46,Nagano,91,0,0,1062,87,1.197440255,3.998662524,-5.717285913,-7.083487015
2020年11月第2週,46,Shizuoka,132,2,0,1062,138,-5.641824899,2.72495574,-3.461836163,-20.095678577
2020年11月第2週,46,Tochigi,18,1,0,1062,18,-4.560282989,2.690254418,-5.202091532,-11.529429893
2020年11月第2週,46,Yamanashi,42,0,124,1186,45,8.40141555,2.138403715,-2.046739264,-3.82586527
2020年11月第3週,47,Gunma,89,1,0,1186,92,-11.552796404,1.61809572,2.072153338,-1.716604539
2020年11月第3週,47,Ibaraki,285,1,0,1186,307,NA,2.337816164,0.021046095,3.903732329
2020年11月第3週,47,Nagano,145,0,0,1186,147,-0.249151516,3.489733616,-4.408040668,0.197527198
2020年11月第3週,47,Shizuoka,338,1,0,1186,373,-4.169385,2.884434877,-3.375353317,-14.851151533
2020年11月第3週,47,Tochigi,56,0,0,1186,56,-3.394078317,2.17220521,-2.382858049,-1.02872034
2020年11月第3週,47,Yamanashi,35,1,148,1334,37,18.373313728,2.186354421,-1.568410843,11.607262466
2020年11月第4週,48,Gunma,150,0,0,1334,154,-15.124873044,3.601700652,-6.998680692,-6.687357524
2020年11月第4週,48,Ibaraki,286,2,0,1334,277,NA,4.694547789,-9.430117733,-11.016231762
2020年11月第4週,48,Nagano,97,0,0,1334,100,-10.796363335,4.417240781,-8.784434861,0.581576036
2020年11月第4週,48,Shizuoka,406,5,0,1334,401,-13.868875169,3.736912909,-7.772333333,-11.346425297
2020年11月第4週,48,Tochigi,62,0,0,1334,65,-9.812546232,3.421373557,-8.201073291,-4.689005662
2020年11月第4週,48,Yamanashi,20,1,132,1466,19,0.221617332,3.792628102,-6.176640832,11.239000994
2020年12月第1週,49,Gunma,193,1,0,1466,194,-25.886712056,2.922681882,-2.666061593,-13.950586054
2020年12月第1週,49,Ibaraki,294,2,0,1466,283,NA,3.670023992,-3.997238445,-7.40788676
2020年12月第1週,49,Nagano,100,0,0,1466,105,-20.252378982,3.86784917,-7.077226766,-18.267817971
2020年12月第1週,49,Shizuoka,321,6,0,1466,314,-23.408115912,3.428662425,-5.645413582,-22.284323574
2020年12月第1週,49,Tochigi,115,0,0,1466,127,-19.684014079,3.122187831,-5.873489923,-15.192947684
2020年12月第1週,49,Yamanashi,84,1,116,1582,85,-10.937347788,2.830117607,-3.016770104,-0.209258455
2020年12月第2週,50,Gunma,264,4,0,1582,282,-13.744087521,3.246608336,-3.478165457,-14.16709402
2020年12月第2週,50,Ibaraki,155,5,0,1582,168,NA,4.088177578,-5.63078895,-8.075848073
2020年12月第2週,50,Nagano,154,0,0,1582,154,-19.276061669,4.254410885,-6.234724557,-20.535496784
2020年12月第2週,50,Shizuoka,235,5,0,1582,227,-24.338028169,4.061860354,-7.172553328,-25.705969956
2020年12月第2週,50,Tochigi,121,1,0,1582,115,-21.208604703,3.853423051,-6.072306108,-16.346448979
2020年12月第2週,50,Yamanashi,29,0,54,1636,25,-16.903880996,3.838965021,-5.112199075,-9.43581458
2020年12月第3週,51,Gunma,281,6,0,1636,267,-27.263648242,3.781963808,-4.260213516,-15.999070135
2020年12月第3週,51,Ibaraki,146,6,0,1636,137,NA,3.953683913,-5.823012871,-9.139878637
2020年12月第3週,51,Nagano,89,4,0,1636,73,-24.661704027,4.102045487,-5.739961473,-18.777468245
2020年12月第3週,51,Shizuoka,188,7,0,1636,174,-25.376498631,4.0417225,-6.524150652,-23.806501261
2020年12月第3週,51,Tochigi,152,2,0,1636,159,-24.043908009,3.846837926,-5.367489267,-21.016814524
2020年12月第3週,51,Yamanashi,37,1,50,1686,34,-15.176312596,3.561855227,-4.495356924,-9.537838884
2020年12月第4週,52,Gunma,239,3,0,1686,243,-30.542980839,4.511786757,-3.128512443,-24.559782502
2020年12月第4週,52,Ibaraki,174,1,0,1686,189,NA,4.401062395,-2.849359901,-16.79696083
2020年12月第4週,52,Nagano,80,3,0,1686,79,-25.384641138,3.881363493,-3.320989712,-41.962717815
2020年12月第4週,52,Shizuoka,199,10,0,1686,198,-28.031343457,4.540670955,-3.637344184,-38.563082311
2020年12月第4週,52,Tochigi,213,1,0,1686,227,-24.655304848,4.2607719,-4.199530151,-28.350711428
2020年12月第4週,52,Yamanashi,37,1,60,1746,49,-19.16679251,3.58989271,-1.6912796939999999,-31.124705898
2020年12月第5週,53,Gunma,240,11,0,1746,256,-30.020944812,6.774151243,-3.253032338,-42.019109576
2020年12月第5週,53,Ibaraki,253,3,0,1746,254,NA,6.801329063,-3.771928413,-37.467288955
2020年12月第5週,53,Nagano,116,3,0,1746,131,-31.870487053,7.289756685,-6.977783898,-47.407774456
2020年12月第5週,53,Shizuoka,219,3,0,1746,241,-30.129106801,7.590084129,-5.386611603,-49.052668356
2020年12月第5週,53,Tochigi,427,0,0,1746,465,-29.456225016,7.28056062,-8.055162922,-41.777974436
2020年12月第5週,53,Yamanashi,63,0,0,1746,68,-25.958729439,6.306528735,1.004990746,-42.804182404
2021年1月第1週,54,Gunma,460,3,0,1746,459,-36.099605977,3.435860289,23.905167791,-61.964598011
2021年1月第1週,54,Ibaraki,580,2,0,1746,615,NA,5.333325879,15.349483068,-54.382294452
2021年1月第1週,54,Nagano,367,2,0,1746,422,-43.589941805,6.250057428,-0.330809598,-76.854139314
2021年1月第1週,54,Shizuoka,572,8,0,1746,591,-42.136874839,5.406563891,15.471231887,-69.917912731
2021年1月第1週,54,Tochigi,848,4,0,1746,885,-43.427182055,6.960976877,11.022540604,-62.908528478
2021年1月第1週,54,Yamanashi,159,0,40,1786,149,-42.760312603,4.418265667,19.309236212,-71.749305489
2021年1月第2週,55,Gunma,418,11,0,1786,419,-36.520090445,6.761979889,-10.922189695,-34.023157512
2021年1月第2週,55,Ibaraki,672,4,0,1786,668,NA,8.065666158,-14.960739747,-26.761496496
2021年1月第2週,55,Nagano,380,3,0,1786,332,-43.413691059,7.08028644,-16.590333363,-52.133110005
2021年1月第2週,55,Shizuoka,537,14,0,1786,511,-43.444323577,5.692983655,-10.089506981,-45.002243274
2021年1月第2週,55,Tochigi,652,8,0,1786,630,-49.688171599,7.686021542,-20.865365065,-38.595568462
2021年1月第2週,55,Yamanashi,99,0,59,1845,101,-39.960922076,7.703988357,-13.140347291,-40.281932709
2021年1月第3週,56,Gunma,314,6,0,1845,309,-43.847971838,5.28381987,-0.297789345,-35.001424737
2021年1月第3週,56,Ibaraki,550,9,0,1845,532,NA,5.703883452,-5.738914917,-31.344692763
2021年1月第3週,56,Nagano,195,7,0,1845,179,-44.533435554,6.658236673,-8.589531551,-54.233668605
2021年1月第3週,56,Shizuoka,365,7,0,1845,370,-47.354179802,4.8038908,-3.737486847,-50.574846382
2021年1月第3週,56,Tochigi,394,18,0,1845,328,-53.501927865,7.094315867,-13.726038088,-44.053374848
2021年1月第3週,56,Yamanashi,38,1,78,1923,32,-39.767704019,5.942909893,-3.638058477,-49.185584391
2021年1月第4週,57,Gunma,263,3,0,1923,256,-26.319842,5.71446902,-2.60390162,-31.647048124
2021年1月第4週,57,Ibaraki,456,9,0,1923,439,NA,7.145464297,-9.520398541,-30.465063574
2021年1月第4週,57,Nagano,104,8,0,1923,97,-24.333963466,6.842330669,-8.044878525,-51.097816759
2021年1月第4週,57,Shizuoka,328,6,0,1923,314,-25.178349781,5.697916205,-7.272408322,-49.691603646
2021年1月第4週,57,Tochigi,215,10,0,1923,200,-29.408802654,6.902527022,-13.26715297,-38.964916292
2021年1月第4週,57,Yamanashi,17,2,54,1977,14,-22.281844683,6.404228697,-5.82045448,-43.570804941
2021年2月第1週,58,Gunma,247,7,0,1977,236,-38.259284569,4.955463228,-4.087574859,-28.460695551
2021年2月第1週,58,Ibaraki,324,16,0,1977,327,NA,5.462512482,-6.609531843,-22.118768094
2021年2月第1週,58,Nagano,47,3,0,1977,48,-34.294536658,5.30160309,-7.815474683,-49.356800236
2021年2月第1週,58,Shizuoka,158,10,0,1977,147,-33.594660418,4.664558103,-6.359250596,-45.002013314
2021年2月第1週,58,Tochigi,110,9,0,1977,110,-39.729669818,5.609611292,-11.767156382,-34.970664691
2021年2月第1週,58,Yamanashi,12,1,38,2015,13,-31.832375024,5.207795498,-5.563168808,-34.466572398
2021年2月第2週,59,Gunma,151,3,0,2015,154,-37.464259064,5.651893318,-8.037942387,-30.348315545
2021年2月第2週,59,Ibaraki,228,16,0,2015,216,NA,6.088768685,-9.576924231,-19.294321051
2021年2月第2週,59,Nagano,10,0,0,2015,9,-32.382350993,6.503057106,-12.536885387,-46.126449307
2021年2月第2週,59,Shizuoka,99,6,0,2015,102,-38.008879902,5.271674396,-7.841691323,-41.954925788
2021年2月第2週,59,Tochigi,81,3,0,2015,87,-38.140660461,5.962883307,-12.965714198,-31.076597926
2021年2月第2週,59,Yamanashi,15,1,152,2167,15,-32.718564209,6.359963441,-9.860106003,-35.205392672
2021年2月第3週,60,Gunma,110,4,0,2167,99,-37.473926465,4.004465504,0.627851882,-28.406122688
2021年2月第3週,60,Ibaraki,211,9,0,2167,206,NA,4.033567909,-1.773517746,-20.946989265
2021年2月第3週,60,Nagano,13,2,0,2167,11,-26.966546441,5.049121662,-5.616471622,-44.76889509
2021年2月第3週,60,Shizuoka,156,0,0,2167,158,-32.81528152,3.951162257,-2.41864786,-39.067158235
2021年2月第3週,60,Tochigi,75,7,0,2167,66,-36.766630042,4.959536118,-7.658431787,-30.363163811
2021年2月第3週,60,Yamanashi,7,0,163,2330,7,-25.394902381,4.53235361,-3.191928856,-35.878086902
2021年2月第4週,61,Gunma,127,1,0,2330,136,-32.926469272,5.769157139,-6.966047349,-29.55825664
2021年2月第4週,61,Ibaraki,174,6,0,2330,213,NA,7.063432825,-12.403324516,-24.017046442
2021年2月第4週,61,Nagano,6,0,0,2330,6,-20.069584609,6.263982688,-10.567574251,-38.486831643
2021年2月第4週,61,Shizuoka,138,1,0,2330,136,-34.254206256,5.281189095,-7.63755224,-41.46214425
2021年2月第4週,61,Tochigi,56,1,0,2330,64,-31.39731002,6.443014393,-13.988794093,-29.51736985
2021年2月第4週,61,Yamanashi,4,1,168,2498,3,-22.77757274,7.037318878,-10.531688847,-33.391499524
2021年3月第1週,62,Gunma,99,3,0,2498,94,-33.00407758,4.264822897,-2.79937624,-22.756350567
2021年3月第1週,62,Ibaraki,235,7,0,2498,204,NA,4.874875763,-5.574037436,-18.964314484
2021年3月第1週,62,Nagano,10,0,0,2498,10,-22.592312844,4.456167583,-6.927009259,-37.995536542
2021年3月第1週,62,Shizuoka,114,5,0,2498,116,-33.010702287,3.792489837,-4.172218946,-40.082336197
2021年3月第1週,62,Tochigi,73,2,0,2498,71,-36.272091033,4.808406296,-9.345352667,-27.329672528
2021年3月第1週,62,Yamanashi,2,0,187,2685,2,-25.239154268,4.876005265,-4.970535618,-30.506732269
2021年3月第2週,63,Gunma,92,3,0,2685,94,-26.290443505,3.924926989,-3.132530748,-23.009646187
2021年3月第2週,63,Ibaraki,194,5,0,2685,182,NA,4.332535204,-5.093018427,-16.901069898
2021年3月第2週,63,Nagano,43,0,0,2685,57,-22.864082324,3.55915467,-3.256778056,-24.632094822
2021年3月第2週,63,Shizuoka,140,4,0,2685,136,-29.637569387,3.193770098,-3.67483305,-30.948774133
2021年3月第2週,63,Tochigi,118,0,0,2685,116,-33.184854085,4.585356946,-9.981657452,-24.351566143
2021年3月第2週,63,Yamanashi,10,1,192,2877,12,-22.356736308,4.138088944,-3.603988878,-30.524868028
2021年3月第3週,64,Gunma,126,4,0,2877,126,-29.422262973,4.431136892,-4.91530283,-20.454312825
2021年3月第3週,64,Ibaraki,215,2,0,2877,224,NA,4.461418987,-5.304878899,-16.290764792
2021年3月第3週,64,Nagano,115,0,0,2877,111,-25.91868555,4.049815562,-4.462164407,-25.037388494000002
2021年3月第3週,64,Shizuoka,99,8,0,2877,97,-30.205079433,3.795997068,-5.770878072,-26.082402075
2021年3月第3週,64,Tochigi,138,2,0,2877,143,-31.278282049,4.92514704,-11.002139288,-20.19688985
2021年3月第3週,64,Yamanashi,5,0,194,3071,3,-21.966143345,4.704758633,-5.03993995,-19.698674243
2021年3月第4週,65,Gunma,124,5,0,3071,132,-29.028042677,2.871529846,0.516935497,-21.573016186
2021年3月第4週,65,Ibaraki,252,3,0,3071,256,NA,3.63415535,-0.850393494,-14.689105607
2021年3月第4週,65,Nagano,179,0,0,3071,189,-29.182858949,4.227832126,-1.740316101,-28.629730364
2021年3月第4週,65,Shizuoka,152,5,0,3071,166,-30.013302392,2.958131834,-0.084358038,-25.235755201
2021年3月第4週,65,Tochigi,123,0,0,3071,130,-31.431997364,4.161466119,-6.614958072,-23.465264945
2021年3月第4週,65,Yamanashi,6,1,204,3275,9,-21.470764287,3.639459602,-1.101030324,-18.097768507
2021年4月第1週,66,Gunma,168,0,0,3275,155,-29.713787571,4.038674819,-2.858947047,-20.415967589
2021年4月第1週,66,Ibaraki,225,1,0,3275,218,NA,4.995887886,-4.840867821,-14.429182277
2021年4月第1週,66,Nagano,223,0,0,3275,226,-26.435698643,5.11199417,-8.366761798,-23.365466522
2021年4月第1週,66,Shizuoka,185,3,0,3275,174,-24.031523639,3.707964432,-3.919468049,-30.355948086
2021年4月第1週,66,Tochigi,211,0,0,3275,216,-31.250801659,5.052096586,-7.813222178,-21.189112722
2021年4月第1週,66,Yamanashi,27,0,107,3382,27,-15.661614474,5.054349775,-5.588400793,-15.245733219
2021年4月第2週,67,Gunma,150,2,0,3382,171,-29.579972766,2.869600318,-2.560767842,-11.778705037
2021年4月第2週,67,Ibaraki,237,1,0,3382,238,NA,3.2432339,-5.141867243,-6.820341452
2021年4月第2週,67,Nagano,266,2,0,3382,264,-27.546651395,2.781767551,-5.945211922,-11.391582523
2021年4月第2週,67,Shizuoka,136,3,0,3382,138,-24.722133405,1.94357788,-1.57461198,-26.084164909
2021年4月第2週,67,Tochigi,171,0,0,3382,164,-32.722467942,3.17108861,-6.08190339,-17.153571796
2021年4月第2週,67,Yamanashi,39,0,200,3582,37,-27.324668705,2.408396146,-3.725422143,-16.387620255
2021年4月第3週,68,Gunma,220,1,0,3582,NA,-29.547103365,2.872929663,0.544615316,-14.659676572
2021年4月第3週,68,Ibaraki,319,1,0,3582,NA,NA,3.613882477,-3.530977562,-8.953155248
2021年4月第3週,68,Nagano,305,9,0,3582,NA,-35.303039892,4.348666851,-8.070909017,-26.666534103
2021年4月第3週,68,Shizuoka,190,0,0,3582,NA,-31.521225915,3.549134121,-4.179072975,-31.50516905
2021年4月第3週,68,Tochigi,141,0,0,3582,NA,-32.313201221,3.879638813,-6.987136621,-21.045269219
2021年4月第3週,68,Yamanashi,43,0,201,3783,NA,-26.594197846,2.961629111,-3.27141528,-27.751980804
2021年4月第4週,69,Gunma,243,1,0,3783,NA,-37.26315055,3.913227991,-1.841801778,-19.869773709
2021年4月第4週,69,Ibaraki,455,3,0,3783,NA,NA,4.446182658,-3.96168559,-14.559675388
2021年4月第4週,69,Nagano,230,10,0,3783,NA,-44.512055366,5.220860881,-10.053164479,-34.250450215
2021年4月第4週,69,Shizuoka,161,0,0,3783,NA,-35.383611137,3.765532329,-2.092303549,-33.914532892
2021年4月第4週,69,Tochigi,159,0,0,3783,NA,-32.794529003,4.382039541,-5.306749513,-22.729182785
2021年4月第4週,69,Yamanashi,67,0,153,3936,NA,-33.093498571,4.087830531,-2.49658079,-22.386428937
2021年4月第5週,70,Gunma,290,1,0,3936,NA,-26.151647769,6.001487347,-9.489424526,-18.265853223
2021年4月第5週,70,Ibaraki,256,1,0,3936,NA,NA,6.993716927,-12.178989657,-20.367509153
2021年4月第5週,70,Nagano,119,6,0,3936,NA,-35.861365549,7.220966948,-15.692278894,-24.196725203
2021年4月第5週,70,Shizuoka,143,0,0,3936,NA,-29.263660695,5.545742353,-7.322367605,-30.167891005
2021年4月第5週,70,Tochigi,122,1,0,3936,NA,-30.823299787,6.165171357,-12.965218305,-21.166077857
2021年4月第5週,70,Yamanashi,74,0,86,4022,NA,-28.464240759,6.759836588,-9.665613849,-15.484056047
